index,dataset,BLEU,SacreBLEU,chrF++,meteor,ROUGE1,ROUGE2,ROUGEL,ROUGELsum,BLEU_latin,SacreBLEU_latin,chrF++_latin,meteor_latin,ROUGE1_latin,ROUGE2_latin,ROUGEL_latin,ROUGELsum_latin,prompt_id
0,qa,22.430524374171473,31.13335941530324,48.04880419883805,16.851756198347108,46.851951898702595,33.75197299122876,44.21169674323005,44.36969879660121,0.0,0.09418450464467969,0.24139141278914322,3.2879338175948347,7.777777777777778,2.978142076502732,7.5,7.481167608286253,0
1,summarization,2.293154613428764,4.677993339971027,24.535726469750404,5.833191216684841,15.43431469017592,5.7810962420545255,10.392864650735492,11.852553506683098,0.0,0.019181957301817265,0.19734841114068977,2.7065184213260913,8.23937729114397,0.829198232572985,8.181923546990518,8.341157822538511,0
2,translation_eng_east,14.288637433459913,24.642687635357237,43.80633343138475,2.1439974457215834,55.19550001272751,24.111737238936044,50.68633669146057,50.5790163274271,0.0,0.04763115662556658,0.024010756819054933,1.7129629629629626,14.283518806423178,0.0,14.297161115585446,14.316256056510902,0
3,translation_east_eng,55.258656755673364,39.61606100025163,58.87703623068516,62.48260735764738,78.77630808921579,61.036255796684166,73.02421632513072,73.0155584981189,55.258656755673364,39.61606100025163,58.87703623068516,62.48260735764738,78.77630808921579,61.036255796684166,73.02421632513072,73.0155584981189,0
4,conversation,0.0,0.0,0.0,0.0,0.0,0.0,0.0,0.0,0.0,0.0,0.0,0.0,0.0,0.0,0.0,0.0,0
5,food,0.0,0.0,0.518833661927986,3.482740812642175,0.5579673143957272,0.0,0.5527648916813312,0.6035162030637937,0.0,0.0,0.4885197850512947,0.9191758250130057,0.9536447386608082,0.0,0.9444941411789403,1.1038869209227866,0
