index,dataset,BLEU,SacreBLEU,chrF++,meteor,ROUGE1,ROUGE2,ROUGEL,ROUGELsum,BLEU_latin,SacreBLEU_latin,chrF++_latin,meteor_latin,ROUGE1_latin,ROUGE2_latin,ROUGEL_latin,ROUGELsum_latin,prompt_id
0,qa,22.567656910413785,30.171580349807066,63.176733011336,30.462787908923683,58.22535012902661,44.001381975878715,56.440714223067154,56.700203916380374,6.452749149711594,0.945059927959377,3.252286846377746,8.261700830556762,15.08399675659738,7.666666666666666,14.87253059118384,15.545499778858913,0
1,summarization,9.30618475752875,15.017355912638388,26.80489072072818,7.960631549907903,31.555506360449815,12.48499177919395,23.03176521769163,22.902068348063125,0.0,0.06108833151031392,0.2675628558131705,2.718306179680573,13.244746532286648,1.4685990338164252,13.112758720529383,12.958467733229224,0
2,translation_eng_center,18.107537042834153,24.490327646374833,46.86220588732074,0.7849293563579277,55.1596045786646,24.51379581644219,52.72722190829414,52.552304121788616,0.0,0.05053633589180545,0.023249325769552683,0.7849293563579277,13.780816055467268,0.3846153846153845,13.906888471048479,13.7012222496684,0
3,translation_center_eng,51.074347978060345,32.804005466459714,53.57602539060484,57.409199641171426,76.37848351246744,57.545882562905106,70.51792223950739,70.5620062502337,51.81359107401223,32.551133765954795,53.853379573375115,57.409199641171426,76.87183504201028,57.89477142650252,70.8497913905191,70.99945186083654,0
4,conversation,0.0,0.0,0.0,0.0,0.0,0.0,0.0,0.0,0.0,0.0,0.0,0.0,0.0,0.0,0.0,0.0,0
5,food,0.0,0.0,0.6541291905151269,3.450199062825839,0.5912403651894158,0.0,0.5861863996282166,0.6519512664433567,0.0,0.0,0.6067040800849385,0.3144654088050315,0.8591262033897136,0.0,0.8525399362439724,0.9958539211221418,0
