index,dataset,BLEU,SacreBLEU,chrF++,meteor,ROUGE1,ROUGE2,ROUGEL,ROUGELsum,BLEU_latin,SacreBLEU_latin,chrF++_latin,meteor_latin,ROUGE1_latin,ROUGE2_latin,ROUGEL_latin,ROUGELsum_latin,prompt_id
0,qa,20.293978722820732,27.641942671740008,59.127347664604535,30.92163457887142,47.457040588619535,38.58969255718482,45.324924817184886,45.38022503811977,8.074638468280217,1.8904295418264636,4.362232758781129,10.934149610136453,16.423161268556,9.491978609625669,16.426137459032194,16.53507566994409,0
1,summarization,1.8342165601542324,4.199315660087743,14.953680930293512,4.959646392790973,15.874034829780632,4.708967131563519,10.871954791078714,10.964576774042238,0.0,0.01579575035198909,0.1906548659507188,2.582663887531424,11.009907693438286,1.0306520567967021,10.932215300856155,10.914479397054459,0
2,translation_eng_east,2.821534757538847,10.776177454488368,28.577226599637424,1.198257080610022,29.74966567785139,7.87868500634743,27.08409990765366,27.180325288761754,0.0,0.03937644232100583,0.022540798845911102,1.198257080610022,11.833557678678178,0.0,11.822151831164765,11.805842107986923,0
3,translation_east_eng,41.80639600072264,24.02478017334665,47.78567445613011,52.73920857681953,71.19162575797442,48.83783576951095,64.92032989252479,64.8984995218461,41.80639600072264,24.02478017334665,47.78567445613011,52.73920857681953,71.19162575797442,48.83783576951095,64.92032989252479,64.8984995218461,0
4,conversation,0.0,0.0,0.5327965901018235,4.269184496328232,0.5549632076837733,0.0,0.5574816372155434,0.6024663889427393,0.0,0.0,0.48580373529094245,4.302624838757339,1.1763245841062313,0.0,1.1717600856097348,1.3504029538325852,0
5,food,0.0,0.0,0.6932889628397115,5.637654576912912,0.7540241246437811,0.0,0.7574301402934847,0.813038971362964,0.0,0.0,0.6322711178553364,1.0530983261279239,1.3756090297732737,0.0,1.3776219441430833,1.5732542365427058,0
