index,dataset,BLEU,SacreBLEU,chrF++,meteor,ROUGE1,ROUGE2,ROUGEL,ROUGELsum,BLEU_latin,SacreBLEU_latin,chrF++_latin,meteor_latin,ROUGE1_latin,ROUGE2_latin,ROUGEL_latin,ROUGELsum_latin,prompt_id
0,qa,11.126459134104932,14.384463702624439,46.093194227575836,22.47157993925729,32.46127719384448,22.66800765560925,31.335987475702616,31.172451451154203,4.489866785592566,0.9655054630548364,3.2696038662255713,9.143439026251528,13.267223265006034,7.970362970362971,13.41833973165959,13.04419110301463,0
1,summarization,0.8336002842413938,2.1030153625267145,13.438409535291404,5.651097021374537,13.05035541567685,3.7301486937009103,9.183002001192111,9.215716131907364,0.0,0.004815765578216688,0.14057483509221266,3.1516850368840887,7.542544182077554,0.7572957393273304,7.390156123227901,7.251820623857842,0
2,translation_eng_south,4.198598374856299,9.855623432532445,32.151475805783456,1.6745071684587813,32.12698053308031,9.61172785238505,29.45030467886497,29.341698121972854,0.0,0.03298092652692048,0.027690092484908897,1.6745071684587813,10.993494541056336,0.39215686274509803,11.071472883187731,11.045610911329193,0
3,translation_south_eng,27.808501171230144,14.106274412234022,41.07735752806574,43.36050463036171,61.350652119113505,40.76260456203859,55.66058948449148,55.397608082085426,29.098561590571798,13.923639863843098,41.11209168268529,43.36050463036171,62.22269809433272,41.401737086752284,56.50137863556014,56.226018354500184,0
4,conversation,0.0,0.0,0.39215686274509803,4.265158926303505,0.5587022521752578,0.0,0.5587022521752577,0.5702673525115896,0.0,0.0,0.3421727972626176,4.265158926303505,1.5350877192982453,0.0,1.56042968867953,1.6626106862613836,0
5,food,0.0,0.0,0.6106497313141181,4.807509022858101,0.7034577929868415,0.0,0.7058241675764467,0.7519461639009095,0.0,0.0,0.5505395287381634,2.3632161693554044,1.2834705836715545,0.0,1.2837675266962219,1.4459043931276023,0
