index,dataset,BLEU,SacreBLEU,chrF++,meteor,ROUGE1,ROUGE2,ROUGEL,ROUGELsum,BLEU_latin,SacreBLEU_latin,chrF++_latin,meteor_latin,ROUGE1_latin,ROUGE2_latin,ROUGEL_latin,ROUGELsum_latin,prompt_id
0,qa,12.775546372755603,17.22290867328718,49.36347540150061,27.3545751317239,35.23638398612865,25.37863187873284,33.35798976058464,33.489436085691274,4.827294179690895,1.1940578732839573,3.5179192349443373,10.017143319394664,13.884288505612036,7.508741258741258,13.881236410648173,13.608329170829172,0
1,summarization,1.9543475269193618,4.1692198676058885,19.358116802038136,4.715802608562347,17.179542808307662,5.561091441452591,11.524652565388923,12.02617181951682,0.0,0.016266600413239962,0.16872717067454407,3.3594651563685387,9.243884360661257,0.6402359541318627,9.04198532591201,9.140119390658255,0
2,translation_eng_center,5.144358047862026,10.409537614553017,25.96067190529642,1.340181557572862,29.897335030077116,10.088531025408304,26.93257263310726,26.50412587252806,0.0,0.036283562471199696,0.02172590597027896,1.0317460317460319,10.17726755840564,0.0,10.211346630397717,10.117994112099927,0
3,translation_center_eng,47.34514098891275,31.0433242946449,53.547814195091235,56.9750544074193,73.48347724010156,53.893604289362294,68.9682275924385,68.8794306444604,47.34514098891275,31.0433242946449,53.547814195091235,56.9750544074193,73.48347724010156,53.893604289362294,68.9682275924385,68.8794306444604,0
4,conversation,0.0,0.0,0.22872827081427266,2.6269841269841274,0.42575876133309226,0.0,0.4096737204211404,0.4429076255701643,0.0,0.0,0.33747300215982723,4.106088244891838,1.2257272685482705,0.0,1.2146118721461185,1.3843627042384807,0
5,food,0.0,0.0,0.1859513737157733,2.8992188645958077,0.4098568572590942,0.0,0.4001001547779876,0.4377282571375916,0.0,0.0,0.17803890149997775,0.8725431290620965,0.7484579342855924,0.0,0.7268788855158285,0.847595514294882,0
