index,dataset,BLEU,SacreBLEU,chrF++,meteor,ROUGE1,ROUGE2,ROUGEL,ROUGELsum,BLEU_latin,SacreBLEU_latin,chrF++_latin,meteor_latin,ROUGE1_latin,ROUGE2_latin,ROUGEL_latin,ROUGELsum_latin,prompt_id
0,qa,21.55391568669867,32.40781352586026,36.27238547017948,22.65673397201008,49.631357280784506,37.59545354539097,47.91473216810144,54.24769437009338,0.0,0.4522630122011006,0.42333254464440384,1.919642857142857,8.486090486090484,3.395348837209302,7.858429858429858,8.787878787878785,0
1,summarization,2.0028449127844357,4.262233449691789,24.117720556120755,4.6886194149012645,18.431057419353277,4.446437765234915,12.065526071527643,12.423286636106967,0.0,0.012516420383825198,0.19501830924900676,2.5385056068318996,10.752443432293468,0.6754007671579537,10.556856881556842,10.794465222859554,0
2,translation_eng_south,9.128572095186708,14.938005390896324,39.70375762283449,2.0153940209725567,41.05033612683117,14.887778728517514,38.06110639341007,38.46697268090841,0.0,0.04094916417577364,0.022634676324128564,1.4055472263868063,12.09450560914203,0.0,12.192941418641517,12.256542181151774,0
3,translation_south_eng,23.45736318573326,12.667236727650844,42.318686355437976,47.51326400099697,53.52842640991585,36.45479170067921,47.70905903307393,49.91525570360681,23.676819851925774,12.64922615238834,42.32960761932347,47.51326400099697,53.776749223744226,36.586817318506675,47.905256469971576,50.141789260985206,0
4,conversation,0.0,0.0,0.6660323501427212,1.9984431130648521,0.4069554606467358,0.0,0.41213739127310517,0.42821028736521694,0.0,0.0,0.7092198581560284,3.039812308823031,1.2369614251910865,0.0,1.2766550908193317,1.3747867205639406,0
5,food,0.0,0.0,0.3353678985847474,1.987733151232702,0.36204388178939134,0.0,0.3628193304335219,0.39381177152926444,0.0,0.0,0.3093293739173472,1.9824477389705453,0.6754333673277941,0.0,0.6774360383816939,0.7894654217893828,0
