index,dataset,BLEU,SacreBLEU,chrF++,meteor,ROUGE1,ROUGE2,ROUGEL,ROUGELsum,BLEU_latin,SacreBLEU_latin,chrF++_latin,meteor_latin,ROUGE1_latin,ROUGE2_latin,ROUGEL_latin,ROUGELsum_latin,prompt_id
0,qa,19.737660941623595,27.89842969739899,47.999401725678446,24.032243205157098,48.175061376531964,35.66478591660278,45.732234244158796,45.59226376067809,0.0,0.2369220918388982,0.3505913480502872,3.729144125924333,10.481907692544102,3.0952380952380953,10.591459088860205,10.488079322638146,0
1,summarization,1.7641610109202783,4.13900690744277,22.32471642079202,6.244841613745215,15.040645198867733,5.114141688202335,9.788392167522941,10.638666431658242,0.0,0.01882770116530747,0.21742452403822687,3.582388703150991,7.789544293837398,0.8738441030514201,7.7556861587602555,7.774217940366198,0
2,translation_eng_north,12.021002041249188,18.984470488794777,38.82668112475245,2.8960980775496905,47.484118612438806,17.295683049743737,44.330320918308594,44.316288423014434,0.0,0.04655122206608719,0.02393718881654538,1.8055555555555554,12.123499059458512,0.0,12.058664193114717,12.072503731675068,0
3,translation_north_eng,54.832409137286085,38.74870554870037,57.86261001808553,61.93382608799381,77.49674862570244,60.18453509023879,72.67079056734381,72.81764096093283,54.832409137286085,38.952285770938495,57.91200111769616,61.93382608799381,77.49674862570244,60.18453509023879,72.67079056734381,72.81764096093283,0
4,conversation,0.0,0.0,0.5429864253393664,2.4035855043606986,0.3034801253504866,0.0,0.3063280659201457,0.3328182735565833,0.0,0.0,0.5120327700972862,0.0,0.6722951297754447,0.0,0.6722951297754448,0.8262197841405762,0
5,food,0.0,0.0,0.61020258725897,3.84645888963731,0.637446760155064,0.0,0.6375884494940729,0.6998603210320695,0.0,0.0,0.5672793283412753,0.4976291613158155,1.036145280280951,0.0,1.036922481727187,1.2110606674491393,0
