index,dataset,BLEU,SacreBLEU,chrF++,meteor,ROUGE1,ROUGE2,ROUGEL,ROUGELsum,BLEU_latin,SacreBLEU_latin,chrF++_latin,meteor_latin,ROUGE1_latin,ROUGE2_latin,ROUGEL_latin,ROUGELsum_latin,prompt_id
0,qa,25.729928685758612,32.0701449927887,63.89747851488753,31.523516992266998,59.36842754861331,44.433742337514715,57.58780133114498,57.14862628097921,8.505322890241091,1.0372616489407147,3.4263514411688503,8.225605413105415,16.794076537497588,8.098039215686272,16.3290678619626,16.435487757856176,0
1,summarization,7.043372071508107,12.657369992525581,23.98177841572612,4.47902136409116,25.1693320305589,9.364233620832424,18.76945294403193,18.74761602064296,0.0,0.061635878741651474,0.2207479625151372,1.1045340279192162,11.12990856216794,1.2492997198879552,10.859603048858832,10.976250726734424,0
2,translation_eng_east,8.980590808960484,14.649599723833173,34.49265200576415,1.1107706450130228,41.93876746159613,12.812805361604147,38.633363975979464,38.78747666124617,0.0,0.04879231681925631,0.016056518946692355,0.46728971962616817,13.245386542784093,0.0,13.299740020526807,13.19532406748119,0
3,translation_east_eng,33.73743200645663,21.91731181124323,36.88921448084258,41.68149175347885,58.285749364802356,40.17935767320794,54.17504093155215,54.162352549004424,32.85598916722857,20.94233060782793,40.058022456861146,41.68149175347885,59.207709886546645,40.6676848583736,54.99297699543857,54.9922013788869,0
4,conversation,0.0,0.0,0.0,0.0,0.0,0.0,0.0,0.0,0.0,0.0,0.11246063877642827,1.0869565217391308,0.7407407407407407,0.0,0.7407407407407407,1.0526315789473684,0
5,food,0.0,0.0,0.7783312577833125,5.083611638702838,0.786080781345476,0.0,0.7848970854485955,0.8522894258893142,0.0,0.0,0.7245326764237068,0.0,1.2183527587961895,0.0,1.2189353414630486,1.3828798595836103,0
