index,dataset,BLEU,SacreBLEU,chrF++,meteor,ROUGE1,ROUGE2,ROUGEL,ROUGELsum,BLEU_latin,SacreBLEU_latin,chrF++_latin,meteor_latin,ROUGE1_latin,ROUGE2_latin,ROUGEL_latin,ROUGELsum_latin,prompt_id
0,qa,22.606555886981834,30.803167671220788,34.80950870168972,26.034330187698984,49.09510626948733,39.19603980924735,49.27675990323019,48.939521902819585,0.0,0.15019847668222316,0.2384223373031255,2.142857142857143,8.60372340425532,4.277777777777779,8.958333333333332,8.426418439716313,0
1,summarization,2.4192056373887185,5.419348823159774,26.89558820243324,5.125366340460632,19.500289096115846,5.536696776068122,12.867438460809385,13.03373279776639,0.0,0.019589205598534828,0.21212512918194726,2.064058966152591,10.897063545522574,0.8175625240005875,10.627705034686235,10.756122020081085,0
2,translation_eng_south,12.949994088196732,18.8119186498454,40.11066854514838,2.0079022988505746,47.146602717036004,20.53746089809603,43.92234430225689,43.99992694963174,0.0,0.045368997043389654,0.022914757103574702,1.4176245210727967,12.38583267208383,0.0,12.434116287531237,12.367703594272761,0
3,translation_south_eng,45.31755445728955,29.593137538057857,50.792413680093254,52.391012524275226,72.03235325380892,50.97186052472984,67.02942493912913,67.11848229338011,45.31755445728955,29.593137538057857,50.792413680093254,52.391012524275226,72.03235325380892,50.97186052472984,67.02942493912913,67.11848229338011,0
4,conversation,0.0,0.0,0.6607929515418501,5.843265425217377,0.8629374186330977,0.0,0.8726238154390938,0.9378996787139786,0.0,0.0,0.6058158319870759,5.843265425217377,1.9172482211275315,0.0,1.9397568314899152,2.2430014430014427,0
5,food,0.0,0.0,0.642756138321121,3.6769800460940596,0.6336953801934093,0.0,0.6342116307842862,0.6990198965020161,0.0,0.0,0.587820362097343,1.340344818522389,1.061481799556606,0.0,1.0642946528170458,1.2561077230168958,0
