index,dataset,BLEU,SacreBLEU,chrF++,meteor,ROUGE1,ROUGE2,ROUGEL,ROUGELsum,BLEU_latin,SacreBLEU_latin,chrF++_latin,meteor_latin,ROUGE1_latin,ROUGE2_latin,ROUGEL_latin,ROUGELsum_latin,prompt_id
0,qa,27.395388543703557,38.687415571304754,47.59212433824915,25.655269136800328,55.19242639287396,43.96373257356356,53.731768409198075,58.75702261504292,0.0,0.3144468452237664,0.34171943794072923,2.1271929824561404,8.292689373567251,3.5686274509803924,7.840982546864901,8.895833333333334,0
1,summarization,4.6717569186149905,8.941282265764801,32.87665397954227,6.68007456652709,27.71320747565157,9.1237902753322,17.689249786483874,18.645173516402377,0.0,0.028477976745069404,0.3452732498470958,3.3739018229895827,14.060573116035382,1.3189799342683974,13.847048611894373,13.816415408320509,0
2,translation_eng_center,20.764720542486433,29.869706049239387,50.93232446037555,3.1189054192594714,58.13071690984184,28.739774839537763,56.35540141726327,57.106919824587585,0.0,0.04455150756008624,0.023178193955127015,1.755050505050505,12.439157266715513,0.0,12.461818784934003,12.724184100557725,0
3,translation_center_eng,58.095002907763934,42.76274059505285,61.26800647610943,64.33971767890431,80.07167699864294,63.527710173290274,75.3780809543878,76.07409081043582,58.095002907763934,42.76274059505285,61.26800647610943,64.33971767890431,80.07167699864294,63.527710173290274,75.3780809543878,76.07409081043582,0
4,conversation,0.0,0.0,0.04311088118641145,0.0,0.0,0.0,0.0,0.0,0.0,0.0,0.24981264051961027,2.7806906617227782,1.2994192050417284,0.0,1.289901261523078,1.5918620079610792,0
5,food,0.0,0.0,0.259794242959576,1.5328733066671458,0.27992669303501644,0.0,0.27953834614492834,0.30225298748582036,0.0,0.0,0.24155756316730279,1.5323511727450032,0.5169737954705114,0.0,0.5158568677602804,0.5968268640283988,0
