index,dataset,BLEU,SacreBLEU,chrF++,meteor,ROUGE1,ROUGE2,ROUGEL,ROUGELsum,BLEU_latin,SacreBLEU_latin,chrF++_latin,meteor_latin,ROUGE1_latin,ROUGE2_latin,ROUGEL_latin,ROUGELsum_latin,prompt_id
0,qa,26.16683885139667,32.626106591396415,58.435980920185095,40.473728907396655,62.049475524475525,46.710144927536234,61.38429678429678,62.50733433233433,12.403494348431131,2.6816996634736467,5.071558880819718,11.906103303084233,14.476755614526512,8.625,14.688805346700082,14.668165511818762,0
1,summarization,4.83576632092209,7.625910320987683,28.19175436515756,6.828298176032442,24.15680588470157,7.968496841954679,16.905623467199554,17.092934828112295,0.0,0.0534883188815697,0.3317709222880626,3.5714730468436082,11.78674967351466,0.9791499109393732,11.879486646336456,11.59919936706729,0
2,translation_eng_south,7.216258164911266,10.216763026327078,32.54729461687349,0.8704397281176307,38.52055292385845,10.54417732473584,34.228250124853155,34.46183951883943,0.0,0.051091403364928394,0.02296527650192908,0.8704397281176307,11.455365289530924,0.37037037037037035,11.426563305014467,11.450361603020475,0
3,translation_south_eng,24.01922725926999,13.15698701882504,26.380732581247084,27.134652372360215,49.372214573456816,29.40302035942482,45.14248248369901,45.39736867886434,22.761869646186046,13.00683391533116,30.73145296596127,27.134652372360215,50.251663075019536,29.509316755572307,46.025905314887275,46.22033502977884,0
4,conversation,0.0,0.0,0.0,0.0,0.0,0.0,0.0,0.0,0.0,0.0,0.0,0.0,0.0,0.0,0.0,0.0,0
5,food,0.0,0.0,0.26921523758244714,2.180535513868848,0.2767711895758559,0.0,0.2767711895758559,0.3045763596138523,0.0,0.0,0.25345330122924853,0.5050505050505052,0.5532601775658875,0.0,0.5468060662970093,0.6797293663068288,0
