index,dataset,BLEU,SacreBLEU,chrF++,meteor,ROUGE1,ROUGE2,ROUGEL,ROUGELsum,BLEU_latin,SacreBLEU_latin,chrF++_latin,meteor_latin,ROUGE1_latin,ROUGE2_latin,ROUGEL_latin,ROUGELsum_latin,prompt_id
0,qa,21.337854276545094,27.283977915353514,62.60508200460849,28.147660364679822,45.44368248019364,38.11904761904763,44.73985137169721,44.46124913051357,7.6851159496541035,1.7556583118124756,4.200762947060732,10.934149610136453,16.236950184318605,9.590017825311943,15.99472165261639,15.913224202697887,0
1,summarization,1.529471647621958,3.46720613521271,14.679955018657163,6.084317632783811,15.78323115080979,4.939421734242525,10.167525059532043,10.16130592490597,0.0,0.012518364554587104,0.19754424918739893,3.495547666119239,9.42267389376985,0.9153394835861732,9.12968756386134,9.03620434279295,0
2,translation_eng_north,4.755824525397837,11.654196824586851,27.411165489865937,1.165311653116531,27.15214371161203,9.411863521238502,24.93388206645894,25.42646610083359,0.0,0.03463917250029443,0.021788391145197837,1.1805555555555558,10.31452413288974,0.0,10.283264134183502,10.029708289277488,0
3,translation_north_eng,39.013987320018956,23.895334044414877,47.23246329021532,47.364371709189854,68.93339731605397,47.41463595154332,62.1863210434954,62.32912959167102,39.013987320018956,23.895334044414877,47.23246329021532,47.364371709189854,68.93339731605397,47.41463595154332,62.1863210434954,62.32912959167102,0
4,conversation,0.0,0.0,0.26855250201414377,1.9569802663189164,0.2830726124081458,0.0,0.28559801019653724,0.30173618229639876,0.0,0.0,0.28464541314248537,1.951487574085173,0.4927682136984463,0.0,0.49591102085554445,0.5629777666261196,0
5,food,0.0,0.0,0.6916585973163646,5.218757349132454,0.7670318864996905,0.0,0.7674886991289188,0.8281507415041606,0.0,0.0,0.6335529650278763,2.2142205624793525,1.3482332634458571,0.0,1.3535486710072986,1.5493680452678034,0
