index,dataset,BLEU,SacreBLEU,chrF++,meteor,ROUGE1,ROUGE2,ROUGEL,ROUGELsum,BLEU_latin,SacreBLEU_latin,chrF++_latin,meteor_latin,ROUGE1_latin,ROUGE2_latin,ROUGEL_latin,ROUGELsum_latin,prompt_id
0,qa,23.03188468395743,36.13784945977675,57.98571438742424,37.11361942437794,51.173241881533094,43.81978315801845,52.09766404811904,51.56490478773088,6.215064700689013,2.829268049402488,5.097756269045324,11.211111546226677,18.390350877192986,10.3475935828877,18.29829661362709,17.930130558955533,0
1,summarization,1.1406298277441083,2.417175756254472,12.23409161301495,4.739115372647513,14.077100307818991,4.433432083125881,9.74270156422223,10.08549759525191,0.0,0.007953512396653328,0.1692273967371614,2.780046967406793,9.424709841795801,0.8513499215048274,9.069192092805933,9.21021118623949,0
2,translation_eng_south,0.7835455674484442,2.549030826105464,16.72759075543713,1.165311653116531,30.56552964699042,9.199153702668736,27.749902514101954,27.970131275632703,0.0,0.012949127747675508,0.014276740334646792,1.165311653116531,9.891751146595718,0.0,9.861504852672038,9.858592351056139,0
3,translation_south_eng,39.18914841092754,23.68177798752874,47.72828183080712,49.45370043660609,69.39336123209041,47.43337122516868,63.04154978338639,63.09582015058886,39.18914841092754,23.68177798752874,47.72828183080712,49.45370043660609,69.39336123209041,47.43337122516868,63.04154978338639,63.09582015058886,0
4,conversation,0.0,0.0,1.001001001001001,9.057377448500784,1.5527048490807798,0.0,1.5253064754869385,1.5737629928368184,0.0,0.0,0.9280742459396751,9.068130136672826,3.515941697258808,0.0,3.426908238578315,3.5815789328822,0
5,food,0.0,0.0,0.7322788517867604,5.103217612593106,0.7599605278759345,0.0,0.7577989358622842,0.8205791193140796,0.0,0.0,0.6672894701721607,2.0601275144664517,1.2821719883731098,0.0,1.271105079830101,1.4671104617115875,0
