index,dataset,BLEU,SacreBLEU,chrF++,meteor,ROUGE1,ROUGE2,ROUGEL,ROUGELsum,BLEU_latin,SacreBLEU_latin,chrF++_latin,meteor_latin,ROUGE1_latin,ROUGE2_latin,ROUGEL_latin,ROUGELsum_latin,prompt_id
0,qa,20.59896510847168,29.970662177148387,51.17340059257934,16.76362739471966,40.952664709251664,29.663769056009503,40.57973764059165,42.821606887675344,0.0,0.2602000366997368,0.3846620803260505,2.4133554896475324,7.114614614614615,2.4545454545454546,7.142634537371381,7.346011077537453,0
1,summarization,1.9214315341923156,4.86572651512926,25.443223299250278,4.539451023077458,18.80825348617843,4.672237218451282,12.68286488645029,13.625197236311354,0.0,0.02065665772405036,0.24882182735378416,2.372756298398289,11.090138704228577,0.5935672514619883,10.926428518857863,10.998585669322717,0
2,translation_eng_east,13.309644908045918,22.33050123426357,41.61034217802035,2.6141151164515652,50.450735947029,20.69967820654439,47.17259722286013,48.11691498073567,0.0,0.04631891870068709,0.02398081534772182,1.7172897196261683,13.51098680236165,0.0,13.530807097966102,13.936534538170164,0
3,translation_east_eng,51.73570692161027,36.41095555521667,57.16698766879996,61.30948118179474,77.03630622171609,59.281287840237674,71.33177376718753,72.0946137627402,51.73570692161027,36.41095555521667,57.16698766879996,61.30948118179474,77.03630622171609,59.281287840237674,71.33177376718753,72.0946137627402,0
4,conversation,0.0,0.0,0.5321035828307911,3.0132501446420052,0.5924372017803197,0.0,0.5889879082412972,0.6317183077879486,0.0,0.0,0.501225217197594,3.0063244248688044,1.2843697324207985,0.0,1.272974173025178,1.4827746686117809,0
5,food,0.0,0.0,0.35981577432354633,2.0936768483014894,0.3676369601495385,0.0,0.3663288682376034,0.3949224418270032,0.0,0.0,0.3402749421532598,2.0924627845874255,0.6495000840778874,0.0,0.649482599735565,0.7458856620861702,0
