index,dataset,BLEU,SacreBLEU,chrF++,meteor,ROUGE1,ROUGE2,ROUGEL,ROUGELsum,BLEU_latin,SacreBLEU_latin,chrF++_latin,meteor_latin,ROUGE1_latin,ROUGE2_latin,ROUGEL_latin,ROUGELsum_latin,prompt_id
0,qa,23.81403835008174,31.09560049802608,59.92742950599411,39.38413577349238,55.019492506257215,42.674211833047735,55.6564220799515,55.11922316775259,8.945834858706666,2.200895725414551,4.852433164405665,11.804642264123197,14.397390535161433,7.4183006535947715,14.00818222025652,14.247014595311807,0
1,summarization,5.385787644953783,9.9349134785159,28.039556274767197,6.227998687525719,24.232389602846062,8.185810108476591,17.05495317179853,17.085877294830365,0.0,0.03883652794054579,0.2715970706691602,3.0985992154613196,11.992878477381872,1.0306201671432191,12.053804446128007,12.156682262228136,0
2,translation_eng_north,2.463631523697335,6.010808183591999,27.307520375970977,1.2221957489011959,29.904271572688035,9.433328183267326,27.805033305498238,28.35164534997483,0.0,0.027244866028362326,0.019877554265723147,0.8185332850066448,10.978877692002992,0.37037037037037035,10.977454048955725,11.102883683007622,0
3,translation_north_eng,7.270362141670739,2.1427489322630056,12.78283455909294,18.33354196700662,26.32829059343945,10.707692030238675,24.683284764525936,20.337690256140377,13.412733466323154,1.7644864853373938,20.254204570876976,18.33354196700662,37.60879525906101,13.963454116939877,35.54269572281529,28.17710597389288,0
4,conversation,0.0,0.0,0.0,0.0,0.0,0.0,0.0,0.0,0.0,0.0,0.060760724267833265,0.47619047619047633,0.136986301369863,0.0,0.136986301369863,0.15873015873015872,0
5,food,0.0,0.0,0.4930271869277363,2.839389850458607,0.4507203283687148,0.0,0.45156879118160176,0.49971778257155136,0.0,0.0,0.4562638508669013,0.8212657548940736,0.6686035854311776,0.0,0.6700360050835146,0.7747178709239978,0
