index,dataset,BLEU,SacreBLEU,chrF++,meteor,ROUGE1,ROUGE2,ROUGEL,ROUGELsum,BLEU_latin,SacreBLEU_latin,chrF++_latin,meteor_latin,ROUGE1_latin,ROUGE2_latin,ROUGEL_latin,ROUGELsum_latin,prompt_id
0,qa,18.707128205187523,27.077865748373576,51.15276472535183,25.565343695995253,43.40003577211461,31.32572017545724,40.85707723529624,42.61426469733626,0.0,0.21202758672678879,0.34125868580110963,3.681893416689154,10.272753464858727,2.9670329670329667,9.888517233254076,10.658443480308074,0
1,summarization,1.99891065805851,4.478192841949051,24.28082382565596,6.2949466659737,17.079241035609755,5.440465613966101,11.701941603230932,13.16548400398293,0.0,0.027987862631601284,0.25984789260892593,3.395439349078714,8.841052086299122,0.9964233200523288,8.592472904118068,9.077850805682317,0
2,translation_eng_north,7.683492952291104,16.4726948569251,38.01078807286048,1.7994505494505493,42.90728178882299,14.21779032364811,39.21061918851495,40.00620332674581,0.0,0.041721400035802166,0.02339947585174092,1.7994505494505493,11.115352975486617,0.0,11.127979478926822,11.390697732868436,0
3,translation_north_eng,47.278677349990325,31.445796878079715,54.58044069858583,58.17249476555049,74.6561658067949,55.809301159290236,69.08792300786075,69.58247862452117,48.175040976528166,31.371492830396402,54.615662227182845,58.17249476555049,75.18444939922097,56.143377164826845,69.47810171886135,70.13132796049274,0
4,conversation,0.0,0.0,0.5130309870716191,3.035959451407603,0.5424653310395886,0.0,0.5451133575658607,0.5764916036919566,0.0,0.0,0.4877097151775265,3.0328348419837803,1.2066993809891273,0.0,1.213895439438744,1.3872362120933797,0
5,food,0.0,0.0,0.2999940001199976,1.864055134826839,0.3119842961510218,0.0,0.310762700814323,0.33273748527714603,0.0,0.0,0.280237641520009,1.8552402958437952,0.5922355169611981,0.0,0.5925423386918097,0.6740387675032686,0
