index,dataset,BLEU,SacreBLEU,chrF++,meteor,ROUGE1,ROUGE2,ROUGEL,ROUGELsum,BLEU_latin,SacreBLEU_latin,chrF++_latin,meteor_latin,ROUGE1_latin,ROUGE2_latin,ROUGEL_latin,ROUGELsum_latin,prompt_id
0,qa,25.17566225943082,28.952276674479773,63.62668249349019,29.6723826706138,53.275584616761094,43.584935659306375,50.967598194068785,51.741950312538556,13.181871457308,2.0709300129078407,4.567069232264279,11.96970918669032,18.08097281974991,10.098039215686274,17.679400707651478,17.93532125768968,0
1,summarization,5.426417687608766,9.893151982248762,21.177689161780005,3.877776758047842,24.602306310540307,8.209002861194032,17.41273202920365,17.327189514609486,0.0,0.057319643202967015,0.18851524991667123,0.7767180961863245,10.722146348001905,1.1964285714285714,10.380588362386812,10.309800433836907,0
2,translation_eng_north,3.725962336203883,9.10771374863549,29.42621208483405,0.5494505494505494,35.140173607367444,10.704832880878193,32.202053820686885,32.439456238346374,0.0,0.025163725863255364,0.013603221242790292,0.5494505494505494,11.29001857834023,0.0,11.203134885216661,11.209158376969427,0
3,translation_north_eng,15.9174333304905,7.1562205944942106,30.1395090375621,37.15421349493045,51.75314774334192,34.27729823657163,45.46971146749597,45.30883965102457,18.56101162426873,6.617809837690041,32.07423695172487,37.15421349493045,54.92741774830052,36.11932029416718,47.99012830576309,47.95981298061043,0
4,conversation,0.0,0.0,0.07008690776562938,0.0,0.0,0.0,0.0,0.0,0.0,0.0,0.06217358865953745,0.0,0.0,0.0,0.0,0.0,0
5,food,0.0,0.0,0.6645008860011813,4.049907365525134,0.6628254006843716,0.0,0.669414605919568,0.7382664428694089,0.0,0.0,0.6062238986932508,0.0,0.9792204521910618,0.0,0.9834512684055157,1.142467522559199,0
