index,dataset,BLEU,SacreBLEU,chrF++,meteor,ROUGE1,ROUGE2,ROUGEL,ROUGELsum,BLEU_latin,SacreBLEU_latin,chrF++_latin,meteor_latin,ROUGE1_latin,ROUGE2_latin,ROUGEL_latin,ROUGELsum_latin,prompt_id
0,qa,5.211868743184671,7.856172057229545,30.708886726179387,22.141806242653125,24.85078049340824,18.922117105142284,24.394006729308558,24.74240316377961,1.663483187870893,0.4785717292066331,1.9517009380006605,10.299974187228637,13.208164642375166,7.833742833742834,13.109986504723349,13.075174825174827,0
1,summarization,1.0353674287538646,2.153438405602841,14.220953377718605,4.301623756654053,10.263727196946498,3.3781954246208903,7.276640711695215,7.954173041299173,0.0,0.003871895960787263,0.13295705474322606,2.500648638371319,5.536887066336679,0.5796120489611455,5.501661262970884,5.478923768950597,0
2,translation_eng_north,0.4916130432145537,1.6472537903845113,14.781360645651212,0.8012102196324515,21.826880773451744,5.943962576268383,19.233565592753653,19.922763938203946,0.0,0.008105882292155421,0.010825791365348808,0.8012102196324515,9.180682934763452,0.3125,9.195675855075484,9.256782710249457,0
3,translation_north_eng,18.481016522850105,9.594156773286928,37.75600080732812,39.27997686093586,45.62065898525861,29.654923617234363,40.40822500648146,41.64875468234101,19.301625234423586,9.61718437288086,38.178068925845,39.27997686093586,46.895462054594006,30.5235833893306,41.47684474837581,42.701268720819904,0
4,conversation,0.0,0.0,0.04598758335249483,1.032683913552646,0.11613532856213403,0.0,0.11613532856213403,0.12727062362605576,0.0,0.0,0.10079019512981777,2.945357210719614,0.7279561110272721,0.0,0.7390533505889312,0.859073359073359,0
5,food,0.0,0.0,0.3183294072706437,4.054602914742743,0.5928083954451923,0.0,0.591801698728265,0.6268995009796918,0.0,0.0,0.2924318633758335,1.4695014636521744,1.0869107443463633,0.0,1.0871517688666463,1.2062645273875416,0
