index,dataset,BLEU,SacreBLEU,chrF++,meteor,ROUGE1,ROUGE2,ROUGEL,ROUGELsum,BLEU_latin,SacreBLEU_latin,chrF++_latin,meteor_latin,ROUGE1_latin,ROUGE2_latin,ROUGEL_latin,ROUGELsum_latin,prompt_id
0,qa,6.989162759264906,9.789693248607858,36.75230445370707,22.87957100168347,28.839966989983566,21.677597187785626,28.483540667040884,28.468405665227735,2.1610283321844572,0.5655703494522859,2.284257742463224,9.269517945504788,13.264069264069263,7.655653170359051,13.342697157914548,13.198385002408363,0
1,summarization,0.8696667804940064,2.62915882255926,15.756477223431789,2.8271149418568,12.194416778629673,3.821488141872817,8.543735382768547,9.120033273738127,0.0,0.007758441742261559,0.14500671273129878,1.6468050128362561,7.11121095501106,0.3137254901960784,6.952704146571268,7.101143729719459,0
2,translation_eng_east,0.8328723819240799,3.1462024639625477,19.34882988423005,1.8162272510098596,31.04286011282812,7.918220664293046,26.66115057157523,27.215358382942746,0.0,0.012444791405626354,0.019238908769094617,1.770937395937396,13.862600839328303,0.38461538461538464,13.634977674824588,13.854291730138666,0
3,translation_east_eng,31.60274114598677,17.634676747144013,43.061875330398074,45.68226356472597,63.849615435194316,41.38828348575383,57.96375184785173,58.05009094876685,31.60274114598677,17.634676747144013,43.061875330398074,45.68226356472597,63.849615435194316,41.38828348575383,57.96375184785173,58.05009094876685,0
4,conversation,0.0,0.0,0.05660590965696819,0.6410256410256411,0.1,0.0,0.1,0.10256410256410256,0.0,0.0,0.09930486593843098,1.5141165755919856,0.40607054963084505,0.0,0.40607054963084505,0.448019801980198,0
5,food,0.0,0.0,0.7603406326034063,6.074015571624428,0.9013423234112604,0.0,0.9045599655221982,0.9528796087188877,0.0,0.0,0.6854009595613434,1.9265232974910396,1.7419207608872764,0.0,1.7432749353087265,1.9300765291959787,0
