index,dataset,BLEU,SacreBLEU,chrF++,meteor,ROUGE1,ROUGE2,ROUGEL,ROUGELsum,BLEU_latin,SacreBLEU_latin,chrF++_latin,meteor_latin,ROUGE1_latin,ROUGE2_latin,ROUGEL_latin,ROUGELsum_latin,prompt_id
0,qa,24.711192473438977,30.678995767181156,60.32511025500187,37.96864760658365,59.72184292315872,42.08370976849238,58.84423600135674,58.75408448620523,9.900478020217339,2.2025314721588813,4.862630636518598,11.960545811795036,15.323331896861308,7.76470588235294,15.558275401928654,15.12622052869731,0
1,summarization,3.4936632385925037,7.562939927686022,28.87454580487529,4.165177493361373,23.982893094116598,6.834658039606118,16.46973609654161,16.876352330450413,0.0,0.031076560999323388,0.24410307667182127,2.0030389627054133,14.150732512014136,0.5034681630426311,14.003095180517464,13.893958239549143,0
2,translation_eng_east,3.1717063589202876,7.142796554382854,28.73522254990209,1.1309899117276168,31.147153790706238,8.589539113612469,27.45361027416694,27.82871263487975,0.0,0.029926080250308473,0.020491803278688523,0.7273274478330658,13.422526424757548,0.37037037037037035,13.44422239032026,13.534736262044156,0
3,translation_east_eng,6.585622311275217,1.859351694448634,11.3784982113571,18.591878958443736,26.69564770101602,11.540565243166636,25.218729250807225,21.528655241152112,11.467077487870755,1.6210740493140385,19.78259266489318,18.59255230470532,36.822011785888634,14.719330313404688,34.881292807762975,29.01013044929145,0
4,conversation,0.0,0.0,0.06953135864274787,0.8620689655172413,0.12422360248447203,0.0,0.12422360248447203,0.13605442176870747,0.0,0.0,0.06222000995520158,0.8771929824561405,0.20618556701030924,0.0,0.20618556701030924,0.24096385542168677,0
5,food,0.0,0.0,0.5983246908655764,4.577238751148342,0.6256069545518501,0.0,0.6272850068387206,0.69080784856435,0.0,0.0,0.5485797878824821,0.3875968992248063,1.1153502149596695,0.0,1.1104153323355372,1.335788830528449,0
