index,dataset,BLEU,SacreBLEU,chrF++,meteor,ROUGE1,ROUGE2,ROUGEL,ROUGELsum,BLEU_latin,SacreBLEU_latin,chrF++_latin,meteor_latin,ROUGE1_latin,ROUGE2_latin,ROUGEL_latin,ROUGELsum_latin,prompt_id
0,qa,9.745081995118337,17.41395363584658,33.86752033208603,15.077379190937506,34.11352843270819,20.25808775799932,32.081844883288525,31.76705269247847,0.0,0.08363164763023109,0.2296972733481967,3.2430213464696225,10.970176101203801,3.205128205128205,11.409348302730656,10.988241900519602,0
