index,dataset,BLEU,SacreBLEU,chrF++,meteor,ROUGE1,ROUGE2,ROUGEL,ROUGELsum,BLEU_latin,SacreBLEU_latin,chrF++_latin,meteor_latin,ROUGE1_latin,ROUGE2_latin,ROUGEL_latin,ROUGELsum_latin,prompt_id
0,qa,14.39843181943242,19.493852007170865,25.25698124201549,23.265384307050976,44.76423902894491,38.112018140589576,44.09179519473638,44.30259040553158,0.0,0.11987472219247212,0.2629028136487716,2.142857142857143,8.50902643455835,4.277777777777779,8.533204384268215,8.887814313346228,0
