index,dataset,BLEU,SacreBLEU,chrF++,meteor,ROUGE1,ROUGE2,ROUGEL,ROUGELsum,BLEU_latin,SacreBLEU_latin,chrF++_latin,meteor_latin,ROUGE1_latin,ROUGE2_latin,ROUGEL_latin,ROUGELsum_latin,prompt_id
0,qa,20.16239210108043,30.317534174298018,43.98074758668448,20.563012048667787,33.985387101760544,26.296557787489405,33.72075499473712,34.433113430315174,0.0,0.3243462135221936,0.3857321889936151,1.9766997708174177,7.209480826502103,2.361111111111111,7.034632034632035,7.556176036272125,0
