index,dataset,BLEU,SacreBLEU,chrF++,meteor,ROUGE1,ROUGE2,ROUGEL,ROUGELsum,BLEU_latin,SacreBLEU_latin,chrF++_latin,meteor_latin,ROUGE1_latin,ROUGE2_latin,ROUGEL_latin,ROUGELsum_latin,prompt_id
0,qa,9.982596395982043,19.187242792963314,33.28331902400699,17.750754861799216,29.424168626450264,18.17657245803062,29.180974304141817,29.130573070618798,0.0,0.2149774074084848,0.315233096127811,2.4167979320651076,9.07242747074888,2.7056277056277054,9.167760107633525,9.037613012021376,0
