index,dataset,BLEU,SacreBLEU,chrF++,meteor,ROUGE1,ROUGE2,ROUGEL,ROUGELsum,BLEU_latin,SacreBLEU_latin,chrF++_latin,meteor_latin,ROUGE1_latin,ROUGE2_latin,ROUGEL_latin,ROUGELsum_latin,prompt_id
0,qa,8.80423835643451,18.61549065603625,29.29330874446326,21.824806421252944,32.14524561985256,22.21409105600282,31.71988444043131,31.716529318313803,0.0,0.23539030406460246,0.33322786673180554,3.252095350972336,9.194359105649427,2.6793248945147674,9.162325519268014,8.900537634408604,0
