index,dataset,BLEU,SacreBLEU,chrF++,meteor,ROUGE1,ROUGE2,ROUGEL,ROUGELsum,BLEU_latin,SacreBLEU_latin,chrF++_latin,meteor_latin,ROUGE1_latin,ROUGE2_latin,ROUGEL_latin,ROUGELsum_latin,prompt_id
0,qa,7.254628052786146,10.64271095610495,31.129163409817412,15.618373704270475,23.57216288710058,16.271685844818414,22.30683088908265,23.034470549634946,0.0,0.09948309690368602,0.24559511583820137,3.3412442614736673,7.981164667315696,2.307692307692308,8.067478177826843,8.251991641635104,0
