index,dataset,BLEU,SacreBLEU,chrF++,meteor,ROUGE1,ROUGE2,ROUGEL,ROUGELsum,BLEU_latin,SacreBLEU_latin,chrF++_latin,meteor_latin,ROUGE1_latin,ROUGE2_latin,ROUGEL_latin,ROUGELsum_latin,prompt_id
0,qa,18.816257732392202,32.598750330886716,33.50310852732699,21.928783977803356,48.37079872200326,36.4229980259392,48.59560092728936,47.65880192365767,0.0,0.5065083548063114,0.4541271867197939,3.2635566188197767,11.64231601731602,4.202127659574469,11.867965367965368,11.655844155844159,0
