index,dataset,BLEU,SacreBLEU,chrF++,meteor,ROUGE1,ROUGE2,ROUGEL,ROUGELsum,BLEU_latin,SacreBLEU_latin,chrF++_latin,meteor_latin,ROUGE1_latin,ROUGE2_latin,ROUGEL_latin,ROUGELsum_latin,prompt_id
0,qa,24.60976411152607,30.3984760227525,36.75134687933342,21.226451838153963,49.00351372943543,40.8384034443817,47.6149652439524,48.15211510389638,0.0,0.112508019427708,0.16977162394838405,1.8722943722943723,9.12437300501596,3.1300813008130075,8.973479666708121,9.173869336318036,0
