index,dataset,BLEU,SacreBLEU,chrF++,meteor,ROUGE1,ROUGE2,ROUGEL,ROUGELsum,BLEU_latin,SacreBLEU_latin,chrF++_latin,meteor_latin,ROUGE1_latin,ROUGE2_latin,ROUGEL_latin,ROUGELsum_latin,prompt_id
0,qa,13.71698532143309,19.199134972554145,47.23390430774598,18.2172794348629,35.08134632130926,25.589318562942537,32.89190183975824,32.59328926853682,0.0,0.1524551044743435,0.33019625322163837,3.5849521131146185,8.299660551358343,2.9670329670329667,8.272913168074458,8.357795391114575,0
