index,dataset,BLEU,SacreBLEU,chrF++,meteor,ROUGE1,ROUGE2,ROUGEL,ROUGELsum,BLEU_latin,SacreBLEU_latin,chrF++_latin,meteor_latin,ROUGE1_latin,ROUGE2_latin,ROUGEL_latin,ROUGELsum_latin,prompt_id
0,qa,14.241956607468587,23.87337267730185,43.316065083877184,20.0541438898169,39.417364615092055,28.68488009290503,36.93722180485974,36.65514122056412,0.0,0.19909338176142902,0.32079430362505557,3.722215711551233,10.536087783740463,3.266666666666666,10.445032802582283,10.662290012148762,0
