index,dataset,BLEU,SacreBLEU,chrF++,meteor,ROUGE1,ROUGE2,ROUGEL,ROUGELsum,BLEU_latin,SacreBLEU_latin,chrF++_latin,meteor_latin,ROUGE1_latin,ROUGE2_latin,ROUGEL_latin,ROUGELsum_latin,prompt_id
0,qa,16.984238312585966,24.65470020737848,39.69041737307763,18.049641769747613,34.916012429848095,26.050323651845687,34.135549167920246,34.80318646096416,0.0,0.2828942133371928,0.3295368473394351,3.3899247383096034,8.523530624370961,2.70516717325228,8.296651994130984,8.325390762365553,0
