index,dataset,BLEU,SacreBLEU,chrF++,meteor,ROUGE1,ROUGE2,ROUGEL,ROUGELsum,BLEU_latin,SacreBLEU_latin,chrF++_latin,meteor_latin,ROUGE1_latin,ROUGE2_latin,ROUGEL_latin,ROUGELsum_latin,prompt_id
0,qa,22.181159603444573,33.331234322488754,52.68930809052216,21.024280109000088,48.78137497124272,39.511606598599975,47.973343311778486,48.75849274660616,0.0,0.251202235095166,0.34464587210332953,3.260248324793062,10.108364753526041,3.811475409836066,10.121212121212121,10.287288727310596,0
