index,dataset,BLEU,SacreBLEU,chrF++,meteor,ROUGE1,ROUGE2,ROUGEL,ROUGELsum,BLEU_latin,SacreBLEU_latin,chrF++_latin,meteor_latin,ROUGE1_latin,ROUGE2_latin,ROUGEL_latin,ROUGELsum_latin,prompt_id
0,qa,13.382541903408077,21.797463263990227,30.01128881851934,19.449294291408055,34.726194214590286,23.615808083952604,34.718183466640184,35.28342098358238,0.0,0.12149297259194214,0.22187853419821063,2.039983680130559,9.101119566608181,1.6326530612244896,9.19124106209021,8.707424001541648,0
