index,dataset,BLEU,SacreBLEU,chrF++,meteor,ROUGE1,ROUGE2,ROUGEL,ROUGELsum,BLEU_latin,SacreBLEU_latin,chrF++_latin,meteor_latin,ROUGE1_latin,ROUGE2_latin,ROUGEL_latin,ROUGELsum_latin,prompt_id
0,qa,19.564472901293932,35.44158080069908,47.72200427291979,24.14441780020636,40.82697842019876,30.75275299274817,40.772523764684784,40.594000130440804,0.0,0.3426263152782081,0.4267893395707735,3.6681031574386784,9.255793226381462,3.2993197278911564,9.061624649859946,8.932072829131652,0
