index,dataset,BLEU,SacreBLEU,chrF++,meteor,ROUGE1,ROUGE2,ROUGEL,ROUGELsum,BLEU_latin,SacreBLEU_latin,chrF++_latin,meteor_latin,ROUGE1_latin,ROUGE2_latin,ROUGEL_latin,ROUGELsum_latin,prompt_id
0,qa,27.304743615526565,30.890709059373698,39.6528980782317,19.040004980270467,37.87209051825231,30.585116118981077,38.37825131489515,38.29766523430907,0.0,0.13764234412871568,0.24982843673949728,2.0754319426885797,7.023809523809524,3.368794326241135,6.914869721473496,6.904761904761905,0
